,archive,member,kind,value,timestamp
9877,part3.zip,part3.txt,uuid,0035f63d-de1b-4706-9848-3d1f30afbecb,
4621,part2.zip,part2.txt,uuid,00621917-BD4C-4434-9F3E-60E17076B063,
708,part1.zip,part1.txt,uuid,00a449ad-9f43-4778-950a-c556100c33f6,
275,part1.zip,part1.txt,uuid,00aa0e07-96d4-4cbc-89b7-c832b9aad782,
11394,part3.zip,part3.txt,uuid,00c6071b-894c-46ec-8463-4901dab30bd0,
734,part1.zip,part1.txt,uuid,00c96536-d6bc-4263-a5c4-c1a440b3d562,
8007,part2.zip,part2.txt,uuid,00cd91f5-0e7d-4ef2-9d71-f0dd18370e20,
10719,part3.zip,part3.txt,uuid,00f84353-e495-4558-a708-26128e846741,
3787,part1.zip,part1.txt,uuid,01035bf3-00dd-43de-9db8-373db8c363e8,
8825,part3.zip,part3.txt,uuid,011cbf8f-4dab-4669-8041-6a3f1f0eb9dc,
11319,part3.zip,part3.txt,uuid,012f9f39-d2a1-4ee0-8149-28093bb56023,
4357,part2.zip,part2.txt,uuid,014714f8-c6de-44ec-a411-080dbafb8f85,
3853,part1.zip,part1.txt,uuid,01590fac-2862-44d2-a611-cbad664cd3f4,
9141,part3.zip,part3.txt,uuid,0165782a-09ac-48e0-9f17-6ba8dbe4b757,
4182,part2.zip,part2.txt,uuid,01729E07-3673-450F-8D9D-A79C725FA6DC,
2624,part1.zip,part1.txt,uuid,01785feb-7e83-4ecd-84f6-bd64180e593c,
8862,part3.zip,part3.txt,uuid,018de80a-e51b-4a9d-90cd-d6900371d217,
8098,part3.zip,part3.txt,uuid,0190E501-1483-3637-B479-ABF0FEE0A19A,
8402,part3.zip,part3.txt,uuid,01abc38e-8e66-4243-9aa9-0ce30d1f953f,
7618,part2.zip,part2.txt,uuid,01b5c519-4c75-4d7b-80bf-c53e532b9470,
6147,part2.zip,part2.txt,uuid,01ce9c2d-e5f0-4e04-9a5f-173bb95a38fa,
8515,part3.zip,part3.txt,uuid,01e8a218-cb8f-4e58-884b-ddd07fccc7b3,
9398,part3.zip,part3.txt,uuid,01f2bbf6-e7a7-46d8-ac65-7ae261ecdbbd,
9655,part3.zip,part3.txt,uuid,01fab8e1-1e92-41bf-96e6-f9d0968def49,
5825,part2.zip,part2.txt,uuid,01ffe00c-20df-46fd-a2ce-60c08c5e6e86,
2047,part1.zip,part1.txt,uuid,020edc99-7e5c-4e90-9c7e-0039d64c0146,
8650,part3.zip,part3.txt,uuid,0212a727-8bff-4d44-83d3-2820a79055a4,
2380,part1.zip,part1.txt,uuid,0214da35-173c-4d7a-a59d-3dfa01210cd9,
9157,part3.zip,part3.txt,uuid,02181ebb-d0fa-4da5-9e28-8c8cf1df38e3,
1316,part1.zip,part1.txt,uuid,022f7701-52b8-468c-bfef-469a24941d1e,
5480,part2.zip,part2.txt,uuid,024279cf-14d6-44ee-b4e9-af1fe0b7bfd9,
4975,part2.zip,part2.txt,uuid,02486b95-5c17-40f3-8900-aa3754109f87,
7560,part2.zip,part2.txt,uuid,0280abf5-a65e-44ac-9e1d-dfc8091fa5e9,
2501,part1.zip,part1.txt,uuid,0297913e-6b33-499e-aca7-4b2764483e2b,
2999,part1.zip,part1.txt,uuid,029ca7ed-6ccc-416f-af13-587be983685d,
4992,part2.zip,part2.txt,uuid,02cb1996-e0cb-4ad6-9eac-262fa1fbeb19,
2171,part1.zip,part1.txt,uuid,02e88969-9179-47d7-9c26-18bfbb8ee20d,
1941,part1.zip,part1.txt,uuid,0301021e-a846-4d4b-bdb5-a72d86360615,
5163,part2.zip,part2.txt,uuid,031a2132-89c0-405f-b3ad-57a9065635da,
9502,part3.zip,part3.txt,uuid,032bef82-2c2e-4af4-9371-ed9bb09ac0e4,
4581,part2.zip,part2.txt,uuid,0340893F-2274-4E0C-B26E-6FD05820A08B,
4480,part2.zip,part2.txt,uuid,035cfaee-1b9c-3c23-8c64-7c2e7f2a6202,
3071,part1.zip,part1.txt,uuid,037414a7-280f-4d66-97bf-02451c91cbc4,
8525,part3.zip,part3.txt,uuid,039650C9-2CFB-4E60-B6A8-1035CF4D918A,
4390,part2.zip,part2.txt,uuid,03cc78c4-86ac-444d-aa1e-ef6404ffcdff,
978,part1.zip,part1.txt,uuid,03d27d9c-f89d-4491-b33a-c92ad2601b36,
8372,part3.zip,part3.txt,uuid,03df2417-f12e-4f7e-8155-eac36bd768a5,
3692,part1.zip,part1.txt,uuid,03ffa552-be17-463d-8eb7-73c762a7a8a0,
10957,part3.zip,part3.txt,uuid,0414e930-007d-4174-b571-cd906b44b1d9,
5169,part2.zip,part2.txt,uuid,04264f3c-f0f8-4737-a2b7-5489e1b2ad73,
3931,part1.zip,part1.txt,uuid,043d3bb6-aca0-4f79-99f0-28c98de6e05e,
1747,part1.zip,part1.txt,uuid,04428bc5-8637-4340-bd68-c32b950051db,
1305,part1.zip,part1.txt,uuid,0450862c-bac6-4832-870f-cd04bb0af7e2,
9588,part3.zip,part3.txt,uuid,04898012-3dd0-41e3-ac4f-04945827eb0c,
5718,part2.zip,part2.txt,uuid,04a1d7b7-1334-45dc-b890-035072cc9b02,
8702,part3.zip,part3.txt,uuid,04e87eab-8bde-4618-9620-f16d663694c5,
7362,part2.zip,part2.txt,uuid,050f7bb9-5ca2-4a67-a342-29cad619d8a0,
10741,part3.zip,part3.txt,uuid,051657cf-8802-4a9b-859c-a2efafe59a46,
5889,part2.zip,part2.txt,uuid,05288e48-068e-4603-9f9c-350e2b72bf84,
4696,part2.zip,part2.txt,uuid,05736B00-5A39-4DF0-A332-AB72FF754C2B,
29,part1.zip,part1.txt,uuid,057e6144-aff1-47e6-9d25-af916dba1f5c,
5316,part2.zip,part2.txt,uuid,0580e81d-65e3-48a8-b04d-92cc318af980,
8334,part3.zip,part3.txt,uuid,05df94ca-d6b5-435e-bf19-1d8a11409211,
10167,part3.zip,part3.txt,uuid,06032681-C363-4600-AACF-6A4F343736C6,
6655,part2.zip,part2.txt,uuid,06474d60-1afd-4e78-ad00-6dd0f5934dfe,
440,part1.zip,part1.txt,uuid,0684456d-b311-45fc-825b-1abdf1b3d165,
5870,part2.zip,part2.txt,uuid,06e2e4b2-cef9-46c2-af1d-89da903b0ab4,
5509,part2.zip,part2.txt,uuid,06f5f34c-e2ea-4d58-b83d-69466a8e0c96,
4980,part2.zip,part2.txt,uuid,070b6b9c-4f7a-42c2-b630-db62febbbbd7,
10758,part3.zip,part3.txt,uuid,073a97e0-11cd-428e-b49d-ecf4456a52c4,
9898,part3.zip,part3.txt,uuid,0799B540-5EA8-49F8-BD9C-B2BE0C4DAF49,
3117,part1.zip,part1.txt,uuid,07b91a69-4a63-41b2-83a3-db46dca5ef15,
10974,part3.zip,part3.txt,uuid,07bd487f-1863-4807-90eb-6b5e06e11674,
4174,part2.zip,part2.txt,uuid,07e3918e-b8da-47e8-9424-a9b68e0830fe,
1125,part1.zip,part1.txt,uuid,07f62e9f-c599-4c3e-b3fb-05cb70bccb70,
10915,part3.zip,part3.txt,uuid,0806a91f-a28b-4b89-86ca-318582384604,
9356,part3.zip,part3.txt,uuid,08595e9d-75c2-4a36-9ee0-ca362abeb937,
5932,part2.zip,part2.txt,uuid,085fb4f3-af15-43c3-bc87-278494d678fc,
3727,part1.zip,part1.txt,uuid,086d62b4-5ae4-42c8-886c-7038271c20ed,
6993,part2.zip,part2.txt,uuid,087d078a-2797-4a07-8a70-56cb8175a9ca,
2190,part1.zip,part1.txt,uuid,0885c50d-e44e-4030-8596-44b5187f6568,
5808,part2.zip,part2.txt,uuid,0895dddb-054b-42f5-bf0c-fb6f1dd9cfef,
10151,part3.zip,part3.txt,uuid,08EA517A-D486-463C-8FC1-707AD62980F6,
8679,part3.zip,part3.txt,uuid,08a3b07b-3fa4-428c-8bc6-0f3cc7632fcb,
8170,part3.zip,part3.txt,uuid,08c4544e-8c37-4eec-bbb5-65b278c36425,
6673,part2.zip,part2.txt,uuid,08c47c06-5138-4d29-82f5-833e97c953b2,
6224,part2.zip,part2.txt,uuid,08d1117a-b94a-40aa-ba38-4fb4e15d15c6,
3811,part1.zip,part1.txt,uuid,08eca7d8-cd2b-481a-a356-19d37b7ac2fa,
6300,part2.zip,part2.txt,uuid,0909b084-c2ec-4bfb-977c-ca1bd21e191f,
969,part1.zip,part1.txt,uuid,0924143e-c54d-4042-ac93-72490a78c34c,
5034,part2.zip,part2.txt,uuid,0933543d-ab43-49db-9e29-1f68d57c78b4,
1408,part1.zip,part1.txt,uuid,094f67f7-9f65-41a5-887e-0704a1272871,
7167,part2.zip,part2.txt,uuid,09627569-ecf5-4419-b0de-e497ae55954b,
9946,part3.zip,part3.txt,uuid,09640A27-A21D-4E27-9730-3542D09F140C,
6497,part2.zip,part2.txt,uuid,096fa6b5-f4d0-4c05-aa57-93b2819dedeb,
3993,part2.zip,part2.txt,uuid,099ee916-782d-4296-b0b5-b01da8c85b35,
5570,part2.zip,part2.txt,uuid,09dd023e-a56e-4343-98b5-09b336c2ee02,
197,part1.zip,part1.txt,uuid,09e3b21e-a4f4-4207-89ec-a4233198ab53,
5614,part2.zip,part2.txt,uuid,09ecd3b1-d655-40ea-8d4b-c48b846c9200,
953,part1.zip,part1.txt,uuid,09f594cb-0d4c-4b02-8e32-c87c07f6f3ee,
11129,part3.zip,part3.txt,uuid,0B7B8B8E-B2DC-49C1-A5F1-B736C5464905,
4604,part2.zip,part2.txt,uuid,0DCA0B6F-9DDD-4576-9AE0-EE9DC2AA4EE7,
8589,part3.zip,part3.txt,uuid,0E3BA72D-9368-4CCB-A9C1-8C7CCB15AB7A,
2687,part1.zip,part1.txt,uuid,0E4D019C-D87A-476F-8008-AC20FD66871A,
4826,part2.zip,part2.txt,uuid,0ED30BCD-B66D-48E9-8A54-CA9C99D72732,
5777,part2.zip,part2.txt,uuid,0F9B0057-589D-4C86-B255-885A751612A7,
8643,part3.zip,part3.txt,uuid,0a3eed9f-a014-4bfb-9e80-b81b512f0150,
10553,part3.zip,part3.txt,uuid,0a6cfb76-bf67-4efb-aa02-75881f5f036b,
299,part1.zip,part1.txt,uuid,0a83c97a-acc9-4943-834b-b45f310541ad,
3085,part1.zip,part1.txt,uuid,0a87124c-2868-42f9-b85e-c97bd6bd9daf,
1642,part1.zip,part1.txt,uuid,0ac5399f-c64c-4655-a81e-9dbef29491dc,
5355,part2.zip,part2.txt,uuid,0ad3f6fa-d85f-4a39-b565-c19b9f5e47ba,
10724,part3.zip,part3.txt,uuid,0af0cf81-a331-4679-bdb0-e4789d6de858,
5071,part2.zip,part2.txt,uuid,0b08be69-40ad-495b-9458-ad7d8fc69635,
609,part1.zip,part1.txt,uuid,0b0ce8f8-c5b2-44f8-9f20-df22ad8e6c6e,
9241,part3.zip,part3.txt,uuid,0b26e0d2-bc82-420b-8e83-6c0c2ec9d3d0,
1366,part1.zip,part1.txt,uuid,0b294805-7a26-432d-8338-1251bee04581,
9463,part3.zip,part3.txt,uuid,0b66079d-a428-4cb2-a2c7-b366f0792b1e,
9269,part3.zip,part3.txt,uuid,0b6b67e3-9052-4ba8-8b52-a81f4958a3ec,
1020,part1.zip,part1.txt,uuid,0b811a5b-db97-4d81-9fa1-3f47a9f9a2c0,
2147,part1.zip,part1.txt,uuid,0b91d3a5-3501-48c8-83f6-6c420935a0da,
6972,part2.zip,part2.txt,uuid,0ba61e25-3a81-43cc-befa-31c1c713cf1c,
6550,part2.zip,part2.txt,uuid,0ba6ddef-95dc-4c54-9fa2-c9e566dbef18,
7367,part2.zip,part2.txt,uuid,0ba75fcc-8756-4644-b2b2-84ca06b36fa1,
2752,part1.zip,part1.txt,uuid,0bacb85c-8260-49a6-8952-831e8d591dcb,
3850,part1.zip,part1.txt,uuid,0bb34e4b-c29e-4b74-876c-5d237d1be1be,
11074,part3.zip,part3.txt,uuid,0c021e66-e062-4536-b31f-5a46951f4d23,
8379,part3.zip,part3.txt,uuid,0c17ee8f-18a5-4921-b094-9759fbc24d69,
1603,part1.zip,part1.txt,uuid,0c34a044-5891-4bd5-93ce-52ef422a8a44,
7143,part2.zip,part2.txt,uuid,0c5751ab-c752-4dfb-8aec-9e5c5e5c0afb,
936,part1.zip,part1.txt,uuid,0c78351c-2686-4327-b286-750522a969e8,
5882,part2.zip,part2.txt,uuid,0c838547-29d7-4f98-814b-3181f38506c5,
9413,part3.zip,part3.txt,uuid,0ca82e29-bb8a-4ade-8951-b5e5c63bf21e,
11038,part3.zip,part3.txt,uuid,0cc39fe7-3289-4584-9bc4-aefd05719212,
1947,part1.zip,part1.txt,uuid,0ce76ea0-15f5-4c79-8da2-772e32d4da91,
4448,part2.zip,part2.txt,uuid,0d62b86c-e3bc-4ba5-bad5-f23be1b558a7,
8218,part3.zip,part3.txt,uuid,0d6401ee-fbc8-41a5-9754-835765e91ddc,
8839,part3.zip,part3.txt,uuid,0d8a32b9-7d62-425d-a6ce-4b09139611b6,
5679,part2.zip,part2.txt,uuid,0dc9c432-038d-4b26-bd06-c473fcdcfbba,
1037,part1.zip,part1.txt,uuid,0e50f2aa-2a1b-468b-84c3-ea5c56c3f692,
2326,part1.zip,part1.txt,uuid,0e5a8f8c-3505-45b6-b7eb-467aa522ad6a,
4091,part2.zip,part2.txt,uuid,0e86baad-362c-40c9-9a22-9d7c5175c1fb,
3746,part1.zip,part1.txt,uuid,0eb42c45-0d23-40da-b46b-41ae1c62e135,
2302,part1.zip,part1.txt,uuid,0ee393c2-b4cd-40b7-a750-2f4364626c47,
9613,part3.zip,part3.txt,uuid,0ef87abd-3d41-444d-880f-aa29fa3a9ee1,
7741,part2.zip,part2.txt,uuid,0f275646-e615-418a-80b7-ee3a2b1de2dd,
10946,part3.zip,part3.txt,uuid,0f5bae8b-db7c-4a44-9410-b9b672ae324b,
1723,part1.zip,part1.txt,uuid,0f5f9d1a-7a54-41de-9307-b218ebc08674,
5757,part2.zip,part2.txt,uuid,0f700966-8512-4e02-9e34-1b30e6254f71,
10735,part3.zip,part3.txt,uuid,0f79c5a4-6a66-4140-ab41-81767d86e8ff,
5537,part2.zip,part2.txt,uuid,0f868321-8c9c-45c8-9e1c-e64c3050c901,
1852,part1.zip,part1.txt,uuid,0f9440b2-ac76-4514-bec3-8cf7466a8702,
6866,part2.zip,part2.txt,uuid,0fa68bf5-9935-4d4f-b9f0-1995e034873c,
3864,part1.zip,part1.txt,uuid,0fce1c03-7774-4811-9016-4fd08b6d7f68,
876,part1.zip,part1.txt,uuid,0ff68bc9-b1ba-4a5f-b744-06ede820dd87,
5650,part2.zip,part2.txt,uuid,101cd13f-6d97-4e55-be55-c468f6d5ffb9,
9491,part3.zip,part3.txt,uuid,1028c3f0-6ef9-4954-8c64-e19839b5103e,
7199,part2.zip,part2.txt,uuid,10591897-b46d-4a55-a432-9044f962175a,
7184,part2.zip,part2.txt,uuid,1078bde8-59f1-42e2-948a-47665b10595a,
9552,part3.zip,part3.txt,uuid,1092F26E-7F13-42AA-A452-3CF99B1A6FAD,
1787,part1.zip,part1.txt,uuid,10ba6242-9021-42dd-8227-da2a6d250b99,
2248,part1.zip,part1.txt,uuid,10f870be-9d2a-472b-a71f-4a0dc31209e5,
8988,part3.zip,part3.txt,uuid,1101cac4-eb70-48cb-8168-692fe5e3a1ba,
1162,part1.zip,part1.txt,uuid,111f07b2-e72e-42ff-b9f0-cd1e95e54f96,
236,part1.zip,part1.txt,uuid,115bc0cf-32c5-412f-9564-f294777088ab,
7314,part2.zip,part2.txt,uuid,11a05e1b-cc13-4dc8-895d-13f7914c9e31,
9595,part3.zip,part3.txt,uuid,11a8a1cb-f237-4810-9cf4-01929fac6f06,
1173,part1.zip,part1.txt,uuid,11c864a6-f542-4d87-b667-53f53e9c6ef9,
62,part1.zip,part1.txt,uuid,11efd079-045c-4e7f-a222-3391956b7f6b,
6569,part2.zip,part2.txt,uuid,1200f308-8075-472e-9ba6-b228b4be30bd,
4509,part2.zip,part2.txt,uuid,120405ca-7171-464b-9191-dfc0b55495c7,
9816,part3.zip,part3.txt,uuid,1245e22a-2989-4773-83be-a3f97b28c98f,
1482,part1.zip,part1.txt,uuid,125a250b-e851-4b63-93b3-2b58a5a05811,
4144,part2.zip,part2.txt,uuid,125ae74d-e287-4ce0-b484-28940186845a,
9187,part3.zip,part3.txt,uuid,1268f069-0f34-4ac5-a12b-fb1e34dac580,
3098,part1.zip,part1.txt,uuid,128020b9-cb6d-47e8-9838-4bf8a9be7386,
8002,part2.zip,part2.txt,uuid,129f11e5-4152-4036-a4aa-bd00e4f71f2f,
2668,part1.zip,part1.txt,uuid,12e875c0-1a3a-4e93-8af0-71dfe14e2f89,
7373,part2.zip,part2.txt,uuid,12f18aa3-2b5e-4364-ad53-3398008a485d,
11291,part3.zip,part3.txt,uuid,13084e2e-de78-4316-95ec-77d52d81536c,
1471,part1.zip,part1.txt,uuid,1344d088-7334-45b9-b2a5-305e51e051d4,
2036,part1.zip,part1.txt,uuid,1364a7f0-a8b3-407c-ad25-95d282f88512,
887,part1.zip,part1.txt,uuid,13844aaa-216d-4ddd-bd77-fdeda0a835e4,
11607,part3.zip,part3.txt,uuid,139d943c-8115-488a-96d9-aaa67953c0e6,
3977,part1.zip,part1.txt,uuid,13a281e4-5c6f-437b-92a4-3bb645e51988,
8527,part3.zip,part3.txt,uuid,13aa7b2f-819d-4b5d-8c8d-40900cb0a986,
8316,part3.zip,part3.txt,uuid,13d79cfc-cb6a-4487-bcf4-7aed1d2d5c67,
1465,part1.zip,part1.txt,uuid,14098327-a9f0-4dec-93c8-65c6d4763f74,
11200,part3.zip,part3.txt,uuid,141F1E15-71A4-49D9-8166-DB3B862ADFC4,
3666,part1.zip,part1.txt,uuid,1448C3F2-5F4B-499D-9A13-60F00A41B1D5,
5107,part2.zip,part2.txt,uuid,1483ca29-4744-4f8a-9f9d-39cbb797a8a2,
10555,part3.zip,part3.txt,uuid,1499292d-d3e7-4cf5-9ede-9bea2f0b569b,
6076,part2.zip,part2.txt,uuid,14C0AB5D-5643-47CC-8C25-63F2E238EE5D,
7338,part2.zip,part2.txt,uuid,14b1f60d-c4c0-4cd4-b9bb-1d8adae52548,
5724,part2.zip,part2.txt,uuid,14b85034-d4e7-4822-b6eb-6c3278fae225,
11302,part3.zip,part3.txt,uuid,14ca6a4e-7a25-4e71-9b72-e47be2059ddf,
3698,part1.zip,part1.txt,uuid,14d4333b-f3a1-448b-a404-f26a4d0dbbbc,
4181,part2.zip,part2.txt,uuid,15051AF1-A23C-44DA-8E1F-5DDE6219D038,
4793,part2.zip,part2.txt,uuid,151bbd61-f8b5-4f6a-b2d7-103368c95a0c,
1886,part1.zip,part1.txt,uuid,153a56ea-20e9-45bb-9beb-d62f72c7f308,
